user_id,age,gender,height_cm,weight_kg,daily_calories,protein_g,carbs_g,fat_g,steps_per_day,sleep_hours
1,63.0,Female,196.0,111.9,2365.0,154.0,336,60,16934,7.6
2,20.0,Other,199.0,50.5,2401.0,139.0,243,88,18560,6.6
3,41.0,Male,164.0,58.4,1972.0,129.0,469,144,18237,4.5
4,19.0,Female,162.0,113.2,1561.0,114.0,164,33,10133,4.8
5,35.0,Other,167.0,,3075.0,128.0,409,89,5995,8.0
6,39.0,Female,142.0,50.9,3884.0,136.0,299,66,15673,4.6
7,55.0,Other,190.0,103.1,3092.0,44.0,409,149,1605,5.4
8,44.0,Other,158.0,46.2,1832.0,154.0,307,50,11506,5.6
9,150.0,Female,183.0,55.1,2482.0,64.0,286,132,5041,8.3
10,39.0,Female,177.0,53.2,3615.0,155.0,166,67,3918,4.3
11,24.0,Female,157.0,67.0,2656.0,142.0,357,61,13334,3.6
12,41.0,Other,192.0,74.1,3498.0,168.0,411,124,12321,4.3
13,62.0,Female,157.0,113.3,2256.0,-inf,410,42,19023,8.0
14,58.0,Male,,77.7,2530.0,101.0,248,34,14575,3.4
15,42.0,Other,165.0,54.3,3339.0,65.0,434,121,11744,
16,24.0,Other,169.0,65.4,2369.0,113.0,330,34,15026,6.5
17,55.0,Other,151.0,45.5,3600.0,152.0,177,89,8313,5.6
18,54.0,Male,177.0,47.1,3965.0,77.0,446,50,17865,5.4
19,20.0,Other,171.0,77.3,3210.0,66.0,271,74,5109,6.8
20,64.0,Other,198.0,83.4,inf,212.0,209,34,12670,3.4
21,23.0,Female,143.0,63.7,3034.0,103.0,167,81,6735,5.3
22,60.0,Other,170.0,73.5,1622.0,91.0,299,147,4520,5.9
23,16.0,Male,153.0,52.8,2009.0,103.0,369,132,18261,4.0
24,27.0,Other,145.0,94.4,3179.0,49.0,480,148,16425,6.7
25,22.0,Male,196.0,74.4,3145.0,187.0,438,41,2964,5.2
26,150.0,Female,179.0,57.1,2759.0,77.0,442,73,13161,3.5
27,60.0,Male,140.0,82.3,2475.0,56.0,458,38,10456,3.9
28,21.0,Other,182.0,60.6,2091.0,61.0,297,33,12259,
29,40.0,Male,184.0,66.9,2845.0,134.0,214,60,8035,7.6
30,64.0,Female,196.0,54.3,3005.0,95.0,376,68,14737,8.6
31,16.0,Male,155.0,103.6,3029.0,109.0,267,101,6791,6.4
32,50.0,Female,193.0,65.9,3705.0,195.0,433,123,4312,3.3
33,25.0,Female,176.0,116.7,2422.0,173.0,498,85,11755,7.2
34,30.0,Male,184.0,75.4,3831.0,53.0,247,111,19828,
35,54.0,Other,153.0,56.6,3467.0,171.0,331,66,7158,
36,20.0,Other,172.0,97.9,2986.0,187.0,394,136,13794,5.4
37,62.0,Other,192.0,100.0,2655.0,49.0,478,112,10799,3.1
38,25.0,Other,195.0,111.1,3703.0,178.0,244,39,19905,7.0
39,39.0,Female,198.0,54.9,1746.0,83.0,468,112,19560,3.7
40,51.0,Other,172.0,104.2,3735.0,193.0,363,30,7492,9.6
41,19.0,Female,194.0,109.5,3396.0,42.0,403,61,12623,
42,24.0,Other,,67.8,2472.0,132.0,454,93,8896,7.3
43,35.0,Female,183.0,79.1,1580.0,207.0,223,127,14512,5.3
44,64.0,Male,141.0,91.5,2467.0,52.0,346,71,16446,5.4
45,17.0,Male,172.0,63.4,3532.0,184.0,307,44,8275,3.1
46,16.0,Female,179.0,110.4,3875.0,70.0,260,82,14397,9.1
47,32.0,Other,146.0,-20.0,3625.0,130.0,205,135,11250,4.9
48,,Male,188.0,109.3,2343.0,218.0,184,99,9219,20.0
49,45.0,Male,143.0,78.7,1750.0,176.0,285,42,17332,5.5
50,60.0,Male,178.0,83.9,inf,58.0,331,93,15657,4.3
51,44.0,Female,195.0,59.6,3813.0,138.0,156,104,5209,5.2
52,150.0,Female,,68.6,3166.0,191.0,324,58,11116,5.0
53,39.0,Other,144.0,99.7,3389.0,43.0,262,62,15500,9.8
54,26.0,Male,167.0,116.9,3104.0,215.0,437,99,11115,9.1
55,,Male,180.0,56.4,2782.0,217.0,237,66,15450,5.0
56,51.0,Female,170.0,48.8,1978.0,132.0,274,138,1064,8.9
57,16.0,Female,166.0,50.1,3508.0,154.0,461,122,11069,3.3
58,23.0,Female,,77.7,1822.0,185.0,213,127,8456,7.0
59,39.0,Female,195.0,104.5,3492.0,217.0,242,125,7063,9.0
60,44.0,Other,181.0,61.9,2206.0,60.0,unknown,143,19126,4.5
61,48.0,Other,194.0,80.8,1652.0,165.0,228,48,4932,4.1
62,37.0,Female,191.0,83.7,1716.0,81.0,414,33,3860,8.6
63,52.0,Other,,107.8,2317.0,85.0,260,147,13265,7.6
64,,Other,167.0,57.3,2186.0,173.0,202,110,5318,9.8
65,49.0,Female,165.0,46.1,2192.0,91.0,110,141,16517,4.1
66,19.0,Female,142.0,83.0,1622.0,187.0,266,51,11875,4.0
67,43.0,Male,161.0,71.6,3238.0,74.0,290,71,8573,3.4
68,49.0,Male,184.0,66.9,3747.0,87.0,319,122,16879,5.3
69,35.0,Other,160.0,102.9,1626.0,143.0,474,119,12624,3.3
70,43.0,Other,150.0,96.3,3749.0,90.0,110,97,16548,7.3
71,20.0,Female,189.0,51.3,1793.0,139.0,453,134,13918,3.6
72,35.0,Other,173.0,86.1,3335.0,68.0,191,115,14875,6.2
73,49.0,Male,177.0,-20.0,3729.0,118.0,305,36,18258,
74,,Male,184.0,113.2,2699.0,50.0,396,91,3576,3.6
75,53.0,Female,189.0,45.0,3172.0,108.0,493,113,7167,7.8
76,,Male,158.0,105.6,2171.0,81.0,381,87,2321,
77,45.0,Male,185.0,48.2,2807.0,96.0,386,32,7555,5.7
78,33.0,Female,157.0,96.2,2228.0,165.0,416,30,11901,6.6
79,47.0,Other,195.0,89.9,3615.0,168.0,215,110,17189,5.6
80,18.0,Male,186.0,116.4,3090.0,193.0,249,121,11996,9.9
81,35.0,Male,157.0,92.4,1522.0,106.0,450,46,12460,9.0
82,34.0,Other,174.0,50.2,2425.0,132.0,382,130,17885,9.8
83,37.0,Female,148.0,95.3,1797.0,121.0,380,111,1604,5.7
84,19.0,Female,194.0,64.1,2175.0,194.0,271,113,14240,5.2
85,27.0,Female,153.0,107.4,1909.0,65.0,361,36,13580,3.1
86,63.0,Female,187.0,47.4,2850.0,194.0,243,143,5018,3.5
87,32.0,Other,145.0,69.3,3361.0,143.0,196,38,16878,9.7
88,28.0,Male,162.0,95.7,3481.0,147.0,176,61,2033,20.0
89,45.0,Female,180.0,56.7,3379.0,168.0,429,95,3618,6.1
90,59.0,Other,191.0,93.5,3324.0,94.0,unknown,105,5997,4.1
91,57.0,Male,158.0,97.3,2694.0,-inf,458,49,4364,9.6
92,25.0,Other,141.0,100.0,3116.0,90.0,147,63,19320,3.3
93,28.0,Male,185.0,110.7,2081.0,100.0,357,50,2983,7.5
94,19.0,Other,193.0,76.0,1675.0,56.0,288,117,15127,7.2
95,62.0,Other,172.0,55.7,2907.0,165.0,399,129,5190,8.1
96,30.0,Male,192.0,64.5,2480.0,94.0,238,109,17779,8.2
97,36.0,Female,191.0,74.2,1804.0,168.0,433,59,9453,7.7
98,31.0,Male,147.0,49.1,2862.0,128.0,284,88,16211,6.9
99,,Other,144.0,98.1,1834.0,122.0,412,97,17622,6.0
100,64.0,Male,169.0,49.7,3542.0,184.0,165,76,15335,8.6
101,,Other,152.0,49.3,1623.0,148.0,368,75,2914,3.9
102,59.0,Other,176.0,114.9,2117.0,168.0,110,78,6319,5.0
103,24.0,Female,140.0,105.5,3707.0,102.0,110,59,11638,8.5
104,42.0,Other,177.0,64.0,2956.0,174.0,277,76,15653,9.2
105,150.0,Other,142.0,70.6,3912.0,88.0,302,86,9711,7.6
106,63.0,Male,187.0,106.9,3786.0,70.0,208,54,18413,3.3
107,39.0,Female,161.0,91.4,2556.0,59.0,269,103,8205,8.8
108,29.0,Male,162.0,,2105.0,141.0,205,71,2784,9.8
109,55.0,Female,149.0,78.7,2214.0,47.0,167,86,5256,
110,19.0,Male,170.0,109.2,3472.0,94.0,463,115,4962,5.7
111,45.0,Female,162.0,45.1,3319.0,82.0,173,89,13554,5.5
112,28.0,Other,195.0,119.4,3187.0,99.0,408,132,6995,7.2
113,28.0,Female,,87.4,2388.0,119.0,380,40,15191,4.2
114,31.0,Female,163.0,58.7,2861.0,115.0,137,84,4330,3.9
115,45.0,Female,183.0,105.0,1585.0,135.0,390,141,12526,9.9
116,24.0,Male,192.0,50.7,3714.0,78.0,343,105,4105,6.5
117,54.0,Male,150.0,75.8,3046.0,65.0,131,79,2534,6.6
118,22.0,Male,148.0,88.0,2911.0,203.0,198,40,19164,5.1
119,37.0,Other,151.0,63.5,2325.0,62.0,338,143,8283,3.3
120,60.0,Male,195.0,111.4,1555.0,57.0,436,61,8054,3.5
121,43.0,Other,179.0,97.3,2846.0,171.0,455,32,7948,20.0
122,23.0,Female,196.0,57.1,2652.0,65.0,440,34,18974,7.9
123,33.0,Female,143.0,56.4,2829.0,110.0,225,107,2357,8.5
124,58.0,Other,187.0,,2177.0,174.0,442,147,7233,9.7
125,63.0,Other,191.0,87.9,3136.0,110.0,155,76,6090,9.9
126,21.0,Other,147.0,59.0,2225.0,116.0,420,82,11698,4.1
127,52.0,Other,188.0,85.7,2099.0,88.0,276,139,16262,3.1
128,57.0,Male,156.0,106.5,3297.0,133.0,477,118,17456,7.8
129,57.0,Other,146.0,110.9,3311.0,152.0,211,55,3390,5.0
130,45.0,Male,147.0,53.7,1758.0,125.0,406,89,9146,9.5
131,42.0,Female,153.0,,1782.0,107.0,384,36,6041,6.4
132,16.0,Female,156.0,76.3,3545.0,121.0,373,89,11707,6.1
133,38.0,Other,142.0,73.8,1761.0,71.0,227,63,2541,5.9
134,50.0,Female,179.0,76.4,3687.0,97.0,499,49,11455,5.1
135,28.0,Male,144.0,79.5,1561.0,101.0,451,59,8611,6.9
136,22.0,Other,142.0,101.7,2571.0,154.0,391,111,1570,4.3
137,56.0,Female,169.0,67.9,3056.0,65.0,215,70,17751,9.8
138,50.0,Other,177.0,70.8,2911.0,181.0,447,137,9967,8.6
139,58.0,Male,,74.3,2196.0,49.0,109,31,5090,9.0
140,62.0,Female,,56.3,2073.0,56.0,230,132,6508,9.6
141,45.0,Other,,92.3,2163.0,151.0,365,42,17693,7.8
142,54.0,Other,161.0,75.0,2617.0,117.0,384,48,3813,9.3
143,58.0,Other,175.0,113.7,2571.0,73.0,170,46,9361,8.2
144,33.0,Male,183.0,106.6,3431.0,185.0,278,91,14123,6.3
145,21.0,Male,187.0,62.3,1626.0,50.0,281,90,17366,3.1
146,,Male,166.0,63.2,2081.0,61.0,390,40,15486,6.6
147,28.0,Other,169.0,103.7,3366.0,168.0,192,146,15198,6.8
148,57.0,Other,155.0,87.0,2809.0,176.0,208,95,18789,8.2
149,56.0,Male,144.0,45.8,2831.0,75.0,444,58,2570,9.1
150,150.0,Other,,92.2,2766.0,73.0,133,48,12270,7.4
151,63.0,Male,186.0,74.6,2694.0,130.0,207,78,12214,3.6
152,53.0,Other,167.0,103.9,3008.0,145.0,481,97,11100,3.6
153,25.0,Male,184.0,101.0,2893.0,144.0,314,129,9598,9.1
154,39.0,Female,196.0,114.2,2010.0,141.0,229,53,10624,9.2
155,37.0,Male,150.0,97.4,2448.0,186.0,257,71,2173,5.8
156,20.0,Male,167.0,113.5,1682.0,59.0,398,74,12997,3.5
157,43.0,Male,140.0,66.3,1620.0,83.0,468,78,13914,
158,28.0,Female,161.0,70.4,2982.0,204.0,217,55,11697,3.8
159,57.0,Male,165.0,49.4,1522.0,128.0,262,131,6614,9.4
160,27.0,Male,185.0,110.0,2284.0,135.0,394,54,11873,5.8
161,,Female,143.0,56.6,3244.0,95.0,386,78,14505,6.2
162,49.0,Female,145.0,,3518.0,104.0,283,141,16392,8.7
163,37.0,Male,140.0,83.2,2988.0,141.0,275,98,7274,
164,,Female,185.0,106.0,3112.0,55.0,145,95,14326,6.7
165,46.0,Male,157.0,74.1,3999.0,138.0,123,37,13277,7.0
166,59.0,Other,150.0,55.7,3803.0,173.0,unknown,49,10528,5.9
167,44.0,Other,179.0,73.7,2830.0,208.0,413,57,4795,3.8
168,28.0,Other,163.0,48.6,2038.0,80.0,390,84,5288,6.0
169,28.0,Other,179.0,67.6,3993.0,149.0,108,87,1914,3.8
170,61.0,Male,142.0,,3792.0,69.0,289,39,16754,5.2
171,52.0,Other,159.0,49.3,2997.0,178.0,236,57,19884,5.8
172,23.0,Male,162.0,119.2,3007.0,133.0,214,113,11201,4.3
173,37.0,Male,152.0,85.2,3428.0,204.0,455,38,14414,10.0
174,57.0,Female,192.0,67.5,3741.0,134.0,303,43,8878,7.8
175,54.0,Other,164.0,107.5,3077.0,149.0,280,92,3824,9.5
176,31.0,Male,142.0,55.3,3256.0,198.0,413,110,2799,9.5
177,59.0,Male,147.0,69.1,3800.0,114.0,399,82,4289,5.0
178,34.0,Other,168.0,115.3,3476.0,43.0,213,83,5172,4.0
179,44.0,Other,177.0,63.0,2700.0,213.0,480,44,16701,
180,32.0,Male,147.0,100.0,3639.0,219.0,155,82,14552,6.6
181,21.0,Female,199.0,-20.0,2453.0,85.0,494,39,4068,7.7
182,51.0,Female,190.0,84.9,1677.0,194.0,280,44,12477,20.0
183,29.0,Other,181.0,94.4,3523.0,153.0,121,85,15899,5.4
184,48.0,Female,175.0,60.7,1718.0,121.0,156,121,2068,7.1
185,39.0,Male,172.0,69.6,2661.0,102.0,353,57,7789,5.1
186,47.0,Male,,86.3,2297.0,196.0,273,48,11590,4.5
187,49.0,Other,165.0,89.2,1903.0,69.0,237,91,12146,3.2
188,,Male,181.0,56.6,1568.0,40.0,unknown,142,6334,4.6
189,56.0,Male,160.0,75.8,3896.0,206.0,431,79,1058,4.7
190,43.0,Female,198.0,,2437.0,121.0,414,67,6849,8.2
191,30.0,Other,,69.2,2475.0,208.0,270,117,18457,6.6
192,61.0,Male,145.0,103.9,2283.0,41.0,266,116,2020,8.4
193,57.0,Male,194.0,60.1,3146.0,141.0,324,62,7741,5.0
194,58.0,Other,175.0,79.6,1785.0,172.0,174,128,16904,4.5
195,48.0,Female,155.0,83.9,1501.0,60.0,195,126,17194,7.0
196,50.0,Female,180.0,,3990.0,128.0,493,37,11251,4.9
197,47.0,Other,144.0,98.8,3338.0,105.0,302,73,11594,8.3
198,64.0,Other,167.0,104.7,1852.0,90.0,232,59,4121,5.7
199,54.0,Other,148.0,97.5,1997.0,174.0,122,77,5959,5.0
200,34.0,Male,141.0,105.5,2463.0,86.0,181,104,12989,8.3
201,25.0,Other,160.0,111.4,2769.0,145.0,444,144,15097,4.3
202,25.0,Other,142.0,69.5,3292.0,154.0,385,145,1119,8.1
203,29.0,Female,186.0,107.0,2731.0,44.0,149,54,16632,5.7
204,37.0,Male,183.0,84.0,2804.0,104.0,141,86,18263,3.6
205,59.0,Other,153.0,64.5,2650.0,70.0,352,129,5389,7.4
206,17.0,Male,148.0,58.0,3251.0,154.0,176,69,19452,7.3
207,47.0,Female,161.0,102.3,3070.0,58.0,187,70,14130,3.7
208,30.0,Male,151.0,,3088.0,168.0,400,49,8216,
209,32.0,Other,140.0,50.3,1823.0,156.0,unknown,41,18201,6.2
210,64.0,Other,150.0,,2888.0,124.0,140,144,16059,8.0
211,41.0,Male,181.0,48.3,1769.0,207.0,234,94,9663,4.4
212,62.0,Other,196.0,74.3,3324.0,131.0,249,131,16085,6.9
213,49.0,Male,189.0,87.8,inf,87.0,477,124,3356,9.9
214,37.0,Male,173.0,,3783.0,170.0,230,124,4589,3.1
215,35.0,Male,167.0,56.8,3997.0,70.0,310,105,13838,8.0
216,34.0,Male,171.0,48.4,1885.0,102.0,488,124,19063,5.4
217,16.0,Male,151.0,88.2,3250.0,75.0,123,119,10327,6.4
218,29.0,Other,171.0,106.4,inf,135.0,364,62,3764,5.0
219,26.0,Female,176.0,104.7,2737.0,108.0,352,113,9555,6.2
220,43.0,Male,173.0,72.0,1989.0,59.0,129,127,14232,6.5
221,44.0,Male,149.0,88.3,1728.0,169.0,254,82,2835,9.4
222,24.0,Other,169.0,98.9,3556.0,155.0,434,91,11874,9.1
223,49.0,Female,154.0,110.5,3640.0,108.0,144,92,19393,9.5
224,52.0,Male,142.0,81.9,2597.0,46.0,137,36,18745,9.8
225,41.0,Female,149.0,110.7,3894.0,111.0,202,113,8211,5.8
226,60.0,Female,151.0,68.8,2183.0,195.0,343,79,13177,8.5
227,58.0,Female,194.0,61.4,3339.0,113.0,145,56,3602,9.2
228,,Male,197.0,67.1,1523.0,153.0,240,60,8062,3.8
229,23.0,Female,197.0,,3475.0,132.0,182,30,16155,8.1
230,31.0,Female,141.0,111.4,1738.0,80.0,273,109,15660,7.0
231,16.0,Other,174.0,80.3,2900.0,82.0,103,40,11417,4.4
232,34.0,Other,157.0,97.2,1559.0,206.0,179,51,14057,7.4
233,55.0,Female,145.0,55.4,2423.0,176.0,280,98,19495,7.8
234,60.0,Other,187.0,83.1,2406.0,114.0,117,31,15727,7.6
235,64.0,Male,199.0,77.6,1659.0,134.0,223,138,8997,
236,16.0,Female,178.0,77.4,2452.0,219.0,164,76,3202,9.5
237,60.0,Female,171.0,59.1,2372.0,61.0,467,136,16778,5.5
238,25.0,Other,190.0,91.7,2563.0,193.0,195,40,18459,8.6
239,,Male,154.0,,2066.0,109.0,427,112,4882,4.1
240,50.0,Female,194.0,92.7,3985.0,-inf,187,81,7866,7.2
241,64.0,Other,196.0,100.7,3062.0,199.0,274,88,17433,3.4
242,59.0,Male,157.0,79.4,1802.0,94.0,318,124,8770,6.9
243,21.0,Other,162.0,108.9,2457.0,123.0,333,70,7362,20.0
244,37.0,Other,156.0,,1716.0,202.0,449,69,18896,5.7
245,32.0,Other,188.0,111.1,2743.0,69.0,202,147,12968,8.0
246,57.0,Female,145.0,75.8,2316.0,100.0,455,117,15647,6.3
247,27.0,Female,189.0,97.5,3053.0,63.0,492,139,16040,3.4
248,58.0,Other,179.0,59.8,inf,127.0,430,50,1153,3.3
249,48.0,Male,160.0,51.2,2750.0,63.0,230,62,9882,3.4
250,56.0,Male,142.0,114.9,1803.0,209.0,162,76,15091,5.4
251,52.0,Male,162.0,72.8,2210.0,106.0,470,127,17377,9.5
252,21.0,Male,144.0,48.4,2337.0,122.0,219,122,1832,5.3
253,44.0,Other,186.0,91.4,2085.0,181.0,145,129,2898,8.7
254,59.0,Female,173.0,115.0,2790.0,174.0,118,86,10376,7.5
255,45.0,Other,179.0,102.7,3802.0,176.0,442,36,2894,7.9
256,62.0,Female,191.0,119.0,2175.0,120.0,408,94,6141,7.6
257,58.0,Other,172.0,115.1,3680.0,163.0,272,144,13698,
258,64.0,Other,164.0,79.2,3687.0,66.0,196,40,16222,9.1
259,47.0,Other,189.0,62.5,2574.0,101.0,323,147,14584,5.9
260,23.0,Other,194.0,49.9,2572.0,128.0,379,34,6956,9.5
261,44.0,Male,150.0,65.4,1774.0,205.0,120,42,11062,3.1
262,63.0,Female,156.0,92.4,3173.0,116.0,381,130,13643,
263,64.0,Male,181.0,113.3,2656.0,151.0,487,133,5946,3.9
264,30.0,Female,172.0,45.1,1527.0,105.0,295,34,5485,8.1
265,63.0,Other,195.0,106.3,3737.0,48.0,171,127,17928,3.7
266,29.0,Other,191.0,,3468.0,176.0,399,89,14501,6.0
267,35.0,Male,183.0,96.8,2028.0,206.0,162,112,13662,6.6
268,57.0,Male,198.0,54.6,3863.0,81.0,436,37,2615,6.6
269,,Male,159.0,49.0,3409.0,85.0,303,42,14775,5.1
270,40.0,Female,158.0,100.3,3322.0,192.0,131,38,10407,9.2
271,19.0,Female,184.0,93.1,2465.0,61.0,116,141,5405,6.2
272,23.0,Female,158.0,72.7,1794.0,178.0,394,42,4694,4.2
273,58.0,Male,197.0,70.9,3254.0,136.0,232,138,3795,6.9
274,48.0,Female,140.0,47.4,3367.0,149.0,103,52,10237,3.8
275,49.0,Male,197.0,119.5,3542.0,186.0,351,51,5198,7.7
276,27.0,Other,152.0,107.7,2685.0,142.0,434,139,11697,4.2
277,43.0,Male,,118.1,3222.0,193.0,152,73,1365,9.2
278,20.0,Other,161.0,106.4,2587.0,123.0,223,97,7102,3.5
279,54.0,Other,156.0,79.4,3926.0,191.0,124,132,4342,5.2
280,47.0,Female,186.0,108.4,3472.0,110.0,103,61,10831,4.5
281,46.0,Male,167.0,59.9,3149.0,184.0,432,94,3239,7.0
282,30.0,Male,158.0,95.4,3469.0,159.0,170,107,12126,5.8
283,60.0,Other,155.0,62.8,3538.0,48.0,109,116,12592,6.2
284,59.0,Female,182.0,74.4,3836.0,92.0,209,123,14788,6.1
285,28.0,Other,198.0,110.4,3791.0,175.0,127,94,5391,7.3
286,32.0,Other,168.0,76.9,1664.0,144.0,369,71,2296,4.8
287,42.0,Male,159.0,112.0,1908.0,121.0,475,148,3813,5.3
288,48.0,Female,150.0,90.0,3957.0,106.0,307,40,16021,4.8
289,59.0,Female,,67.0,2129.0,104.0,179,83,12273,4.0
290,,Female,,64.5,3029.0,45.0,497,125,14450,7.4
291,24.0,Female,184.0,-20.0,2642.0,113.0,168,55,1677,9.5
292,46.0,Other,183.0,87.9,2282.0,76.0,399,135,19274,9.4
293,49.0,Other,165.0,107.9,2294.0,91.0,208,40,9461,9.8
294,31.0,Other,140.0,61.9,2473.0,183.0,489,111,3949,3.8
295,38.0,Male,164.0,80.9,2385.0,201.0,348,106,12310,8.0
296,50.0,Female,172.0,118.8,1848.0,214.0,240,43,6882,3.5
297,28.0,Other,179.0,74.5,2908.0,88.0,268,75,6405,8.7
298,20.0,Female,188.0,-20.0,3035.0,91.0,313,107,17139,8.9
299,60.0,Other,154.0,107.0,2589.0,96.0,483,47,10467,6.4
300,36.0,Female,177.0,82.1,3973.0,84.0,173,34,3482,9.9
